data_name,model,seq_len,d_model,d_state,expand,d_conv,num_kernel,tv_dt,tv_B,tv_C,use_D,exp,acc,model_params,model_size (MB),ckpt
EthanolConcentration,MambaSingleLayer,1751,1024,16,1,4,36,True,True,True,False,gating4proposed,0.30798479087452474,3457032,32.72,classification_CLS_EthanolConcentration_MambaSingleLayer_UEA_ftM_sl1751_ll0_pl0_dm1024_ds16_expand1_dc4_nk36_tvdt1_tvB1_tvC1_useD0_gating4proposed_0
EthanolConcentration,MambaSingleLayer,1751,1024,16,1,4,36,True,True,False,False,gating4proposed,0.30798479087452474,3457032,32.72,classification_CLS_EthanolConcentration_MambaSingleLayer_UEA_ftM_sl1751_ll0_pl0_dm1024_ds16_expand1_dc4_nk36_tvdt1_tvB1_tvC0_useD0_gating4proposed_0
EthanolConcentration,MambaSingleLayer,1751,1024,16,1,4,36,True,False,True,False,gating4proposed,0.311787072243346,3457032,32.72,classification_CLS_EthanolConcentration_MambaSingleLayer_UEA_ftM_sl1751_ll0_pl0_dm1024_ds16_expand1_dc4_nk36_tvdt1_tvB0_tvC1_useD0_gating4proposed_0
EthanolConcentration,MambaSingleLayer,1751,1024,16,1,4,36,True,False,False,False,gating4proposed,0.33460076045627374,3457032,32.72,classification_CLS_EthanolConcentration_MambaSingleLayer_UEA_ftM_sl1751_ll0_pl0_dm1024_ds16_expand1_dc4_nk36_tvdt1_tvB0_tvC0_useD0_gating4proposed_0
EthanolConcentration,MambaSingleLayer,1751,1024,16,1,4,36,False,True,True,False,gating4proposed,0.311787072243346,3391496,32.47,classification_CLS_EthanolConcentration_MambaSingleLayer_UEA_ftM_sl1751_ll0_pl0_dm1024_ds16_expand1_dc4_nk36_tvdt0_tvB1_tvC1_useD0_gating4proposed_0
EthanolConcentration,MambaSingleLayer,1751,1024,16,1,4,36,False,True,False,False,gating4proposed,0.3574144486692015,3391496,32.47,classification_CLS_EthanolConcentration_MambaSingleLayer_UEA_ftM_sl1751_ll0_pl0_dm1024_ds16_expand1_dc4_nk36_tvdt0_tvB1_tvC0_useD0_gating4proposed_0
EthanolConcentration,MambaSingleLayer,1751,1024,16,1,4,36,False,False,True,False,gating4proposed,0.39543726235741444,3391496,32.47,classification_CLS_EthanolConcentration_MambaSingleLayer_UEA_ftM_sl1751_ll0_pl0_dm1024_ds16_expand1_dc4_nk36_tvdt0_tvB0_tvC1_useD0_gating4proposed_0
EthanolConcentration,MambaSingleLayer,1751,1024,16,1,4,36,False,False,False,False,gating4proposed,0.3840304182509506,3391496,32.47,classification_CLS_EthanolConcentration_MambaSingleLayer_UEA_ftM_sl1751_ll0_pl0_dm1024_ds16_expand1_dc4_nk36_tvdt0_tvB0_tvC0_useD0_gating4proposed_0
EthanolConcentration,MambaSingleLayer,1751,1024,8,1,4,36,True,True,True,False,gating4proposed,0.3041825095057034,3432456,32.63,classification_CLS_EthanolConcentration_MambaSingleLayer_UEA_ftM_sl1751_ll0_pl0_dm1024_ds8_expand1_dc4_nk36_tvdt1_tvB1_tvC1_useD0_gating4proposed_0
EthanolConcentration,MambaSingleLayer,1751,1024,8,1,4,36,True,True,False,False,gating4proposed,0.30798479087452474,3432456,32.63,classification_CLS_EthanolConcentration_MambaSingleLayer_UEA_ftM_sl1751_ll0_pl0_dm1024_ds8_expand1_dc4_nk36_tvdt1_tvB1_tvC0_useD0_gating4proposed_0
EthanolConcentration,MambaSingleLayer,1751,1024,8,1,4,36,True,False,True,False,gating4proposed,0.30798479087452474,3432456,32.63,classification_CLS_EthanolConcentration_MambaSingleLayer_UEA_ftM_sl1751_ll0_pl0_dm1024_ds8_expand1_dc4_nk36_tvdt1_tvB0_tvC1_useD0_gating4proposed_0
EthanolConcentration,MambaSingleLayer,1751,1024,8,1,4,36,True,False,False,False,gating4proposed,0.3269961977186312,3432456,32.63,classification_CLS_EthanolConcentration_MambaSingleLayer_UEA_ftM_sl1751_ll0_pl0_dm1024_ds8_expand1_dc4_nk36_tvdt1_tvB0_tvC0_useD0_gating4proposed_0
EthanolConcentration,MambaSingleLayer,1751,1024,8,1,4,36,False,True,True,False,gating4proposed,0.3041825095057034,3366920,32.38,classification_CLS_EthanolConcentration_MambaSingleLayer_UEA_ftM_sl1751_ll0_pl0_dm1024_ds8_expand1_dc4_nk36_tvdt0_tvB1_tvC1_useD0_gating4proposed_0
EthanolConcentration,MambaSingleLayer,1751,1024,8,1,4,36,False,True,False,False,gating4proposed,0.30038022813688214,3366920,32.38,classification_CLS_EthanolConcentration_MambaSingleLayer_UEA_ftM_sl1751_ll0_pl0_dm1024_ds8_expand1_dc4_nk36_tvdt0_tvB1_tvC0_useD0_gating4proposed_0
EthanolConcentration,MambaSingleLayer,1751,1024,8,1,4,36,False,False,True,False,gating4proposed,0.39543726235741444,3366920,32.38,classification_CLS_EthanolConcentration_MambaSingleLayer_UEA_ftM_sl1751_ll0_pl0_dm1024_ds8_expand1_dc4_nk36_tvdt0_tvB0_tvC1_useD0_gating4proposed_0
EthanolConcentration,MambaSingleLayer,1751,1024,8,1,4,36,False,False,False,False,gating4proposed,0.40304182509505704,3366920,32.38,classification_CLS_EthanolConcentration_MambaSingleLayer_UEA_ftM_sl1751_ll0_pl0_dm1024_ds8_expand1_dc4_nk36_tvdt0_tvB0_tvC0_useD0_gating4proposed_0
EthanolConcentration,MambaSingleLayer,1751,1024,4,1,4,36,True,True,True,False,gating4proposed,0.28517110266159695,3420168,32.58,classification_CLS_EthanolConcentration_MambaSingleLayer_UEA_ftM_sl1751_ll0_pl0_dm1024_ds4_expand1_dc4_nk36_tvdt1_tvB1_tvC1_useD0_gating4proposed_0
EthanolConcentration,MambaSingleLayer,1751,1024,4,1,4,36,True,True,False,False,gating4proposed,0.3269961977186312,3420168,32.58,classification_CLS_EthanolConcentration_MambaSingleLayer_UEA_ftM_sl1751_ll0_pl0_dm1024_ds4_expand1_dc4_nk36_tvdt1_tvB1_tvC0_useD0_gating4proposed_0
EthanolConcentration,MambaSingleLayer,1751,1024,4,1,4,36,True,False,True,False,gating4proposed,0.3155893536121673,3420168,32.58,classification_CLS_EthanolConcentration_MambaSingleLayer_UEA_ftM_sl1751_ll0_pl0_dm1024_ds4_expand1_dc4_nk36_tvdt1_tvB0_tvC1_useD0_gating4proposed_0
EthanolConcentration,MambaSingleLayer,1751,1024,4,1,4,36,True,False,False,False,gating4proposed,0.3041825095057034,3420168,32.58,classification_CLS_EthanolConcentration_MambaSingleLayer_UEA_ftM_sl1751_ll0_pl0_dm1024_ds4_expand1_dc4_nk36_tvdt1_tvB0_tvC0_useD0_gating4proposed_0
EthanolConcentration,MambaSingleLayer,1751,1024,4,1,4,36,False,True,True,False,gating4proposed,0.28517110266159695,3354632,32.33,classification_CLS_EthanolConcentration_MambaSingleLayer_UEA_ftM_sl1751_ll0_pl0_dm1024_ds4_expand1_dc4_nk36_tvdt0_tvB1_tvC1_useD0_gating4proposed_0
EthanolConcentration,MambaSingleLayer,1751,1024,4,1,4,36,False,True,False,False,gating4proposed,0.311787072243346,3354632,32.33,classification_CLS_EthanolConcentration_MambaSingleLayer_UEA_ftM_sl1751_ll0_pl0_dm1024_ds4_expand1_dc4_nk36_tvdt0_tvB1_tvC0_useD0_gating4proposed_0
EthanolConcentration,MambaSingleLayer,1751,1024,4,1,4,36,False,False,True,False,gating4proposed,0.3231939163498099,3354632,32.33,classification_CLS_EthanolConcentration_MambaSingleLayer_UEA_ftM_sl1751_ll0_pl0_dm1024_ds4_expand1_dc4_nk36_tvdt0_tvB0_tvC1_useD0_gating4proposed_0
EthanolConcentration,MambaSingleLayer,1751,1024,4,1,4,36,False,False,False,False,gating4proposed,0.38783269961977185,3354632,32.33,classification_CLS_EthanolConcentration_MambaSingleLayer_UEA_ftM_sl1751_ll0_pl0_dm1024_ds4_expand1_dc4_nk36_tvdt0_tvB0_tvC0_useD0_gating4proposed_0
EthanolConcentration,MambaSingleLayer,1751,1024,2,1,4,36,True,True,True,False,gating4proposed,0.3041825095057034,3414024,32.56,classification_CLS_EthanolConcentration_MambaSingleLayer_UEA_ftM_sl1751_ll0_pl0_dm1024_ds2_expand1_dc4_nk36_tvdt1_tvB1_tvC1_useD0_gating4proposed_0
EthanolConcentration,MambaSingleLayer,1751,1024,2,1,4,36,True,True,False,False,gating4proposed,0.2965779467680608,3414024,32.56,classification_CLS_EthanolConcentration_MambaSingleLayer_UEA_ftM_sl1751_ll0_pl0_dm1024_ds2_expand1_dc4_nk36_tvdt1_tvB1_tvC0_useD0_gating4proposed_0
EthanolConcentration,MambaSingleLayer,1751,1024,2,1,4,36,True,False,True,False,gating4proposed,0.3041825095057034,3414024,32.56,classification_CLS_EthanolConcentration_MambaSingleLayer_UEA_ftM_sl1751_ll0_pl0_dm1024_ds2_expand1_dc4_nk36_tvdt1_tvB0_tvC1_useD0_gating4proposed_0
EthanolConcentration,MambaSingleLayer,1751,1024,2,1,4,36,True,False,False,False,gating4proposed,0.3041825095057034,3414024,32.56,classification_CLS_EthanolConcentration_MambaSingleLayer_UEA_ftM_sl1751_ll0_pl0_dm1024_ds2_expand1_dc4_nk36_tvdt1_tvB0_tvC0_useD0_gating4proposed_0
EthanolConcentration,MambaSingleLayer,1751,1024,2,1,4,36,False,True,True,False,gating4proposed,0.2889733840304182,3348488,32.31,classification_CLS_EthanolConcentration_MambaSingleLayer_UEA_ftM_sl1751_ll0_pl0_dm1024_ds2_expand1_dc4_nk36_tvdt0_tvB1_tvC1_useD0_gating4proposed_0
EthanolConcentration,MambaSingleLayer,1751,1024,2,1,4,36,False,True,False,False,gating4proposed,0.30038022813688214,3348488,32.31,classification_CLS_EthanolConcentration_MambaSingleLayer_UEA_ftM_sl1751_ll0_pl0_dm1024_ds2_expand1_dc4_nk36_tvdt0_tvB1_tvC0_useD0_gating4proposed_0
EthanolConcentration,MambaSingleLayer,1751,1024,2,1,4,36,False,False,True,False,gating4proposed,0.38783269961977185,3348488,32.31,classification_CLS_EthanolConcentration_MambaSingleLayer_UEA_ftM_sl1751_ll0_pl0_dm1024_ds2_expand1_dc4_nk36_tvdt0_tvB0_tvC1_useD0_gating4proposed_0
EthanolConcentration,MambaSingleLayer,1751,1024,2,1,4,36,False,False,False,False,gating4proposed,0.376425855513308,3348488,32.31,classification_CLS_EthanolConcentration_MambaSingleLayer_UEA_ftM_sl1751_ll0_pl0_dm1024_ds2_expand1_dc4_nk36_tvdt0_tvB0_tvC0_useD0_gating4proposed_0
EthanolConcentration,MambaSingleLayer,1751,1024,1,1,4,36,True,True,True,False,gating4proposed,0.2965779467680608,3410952,32.55,classification_CLS_EthanolConcentration_MambaSingleLayer_UEA_ftM_sl1751_ll0_pl0_dm1024_ds1_expand1_dc4_nk36_tvdt1_tvB1_tvC1_useD0_gating4proposed_0
EthanolConcentration,MambaSingleLayer,1751,1024,1,1,4,36,True,True,False,False,gating4proposed,0.3231939163498099,3410952,32.55,classification_CLS_EthanolConcentration_MambaSingleLayer_UEA_ftM_sl1751_ll0_pl0_dm1024_ds1_expand1_dc4_nk36_tvdt1_tvB1_tvC0_useD0_gating4proposed_0
EthanolConcentration,MambaSingleLayer,1751,1024,1,1,4,36,True,False,True,False,gating4proposed,0.2965779467680608,3410952,32.55,classification_CLS_EthanolConcentration_MambaSingleLayer_UEA_ftM_sl1751_ll0_pl0_dm1024_ds1_expand1_dc4_nk36_tvdt1_tvB0_tvC1_useD0_gating4proposed_0
EthanolConcentration,MambaSingleLayer,1751,1024,1,1,4,36,True,False,False,False,gating4proposed,0.27756653992395436,3410952,32.55,classification_CLS_EthanolConcentration_MambaSingleLayer_UEA_ftM_sl1751_ll0_pl0_dm1024_ds1_expand1_dc4_nk36_tvdt1_tvB0_tvC0_useD0_gating4proposed_0
EthanolConcentration,MambaSingleLayer,1751,1024,1,1,4,36,False,True,True,False,gating4proposed,0.34600760456273766,3345416,32.3,classification_CLS_EthanolConcentration_MambaSingleLayer_UEA_ftM_sl1751_ll0_pl0_dm1024_ds1_expand1_dc4_nk36_tvdt0_tvB1_tvC1_useD0_gating4proposed_0
EthanolConcentration,MambaSingleLayer,1751,1024,1,1,4,36,False,True,False,False,gating4proposed,0.3041825095057034,3345416,32.3,classification_CLS_EthanolConcentration_MambaSingleLayer_UEA_ftM_sl1751_ll0_pl0_dm1024_ds1_expand1_dc4_nk36_tvdt0_tvB1_tvC0_useD0_gating4proposed_0
EthanolConcentration,MambaSingleLayer,1751,1024,1,1,4,36,False,False,True,False,gating4proposed,0.3193916349809886,3345416,32.3,classification_CLS_EthanolConcentration_MambaSingleLayer_UEA_ftM_sl1751_ll0_pl0_dm1024_ds1_expand1_dc4_nk36_tvdt0_tvB0_tvC1_useD0_gating4proposed_0
EthanolConcentration,MambaSingleLayer,1751,1024,1,1,4,36,False,False,False,False,gating4proposed,0.33079847908745247,3345416,32.3,classification_CLS_EthanolConcentration_MambaSingleLayer_UEA_ftM_sl1751_ll0_pl0_dm1024_ds1_expand1_dc4_nk36_tvdt0_tvB0_tvC0_useD0_gating4proposed_0
EthanolConcentration,MambaSingleLayer,1751,512,16,1,4,36,True,True,True,False,gating4proposed,0.2889733840304182,909320,13.24,classification_CLS_EthanolConcentration_MambaSingleLayer_UEA_ftM_sl1751_ll0_pl0_dm512_ds16_expand1_dc4_nk36_tvdt1_tvB1_tvC1_useD0_gating4proposed_0
EthanolConcentration,MambaSingleLayer,1751,512,16,1,4,36,True,True,False,False,gating4proposed,0.2889733840304182,909320,13.24,classification_CLS_EthanolConcentration_MambaSingleLayer_UEA_ftM_sl1751_ll0_pl0_dm512_ds16_expand1_dc4_nk36_tvdt1_tvB1_tvC0_useD0_gating4proposed_0
EthanolConcentration,MambaSingleLayer,1751,512,16,1,4,36,True,False,True,False,gating4proposed,0.2813688212927757,909320,13.24,classification_CLS_EthanolConcentration_MambaSingleLayer_UEA_ftM_sl1751_ll0_pl0_dm512_ds16_expand1_dc4_nk36_tvdt1_tvB0_tvC1_useD0_gating4proposed_0
EthanolConcentration,MambaSingleLayer,1751,512,16,1,4,36,True,False,False,False,gating4proposed,0.28517110266159695,909320,13.24,classification_CLS_EthanolConcentration_MambaSingleLayer_UEA_ftM_sl1751_ll0_pl0_dm512_ds16_expand1_dc4_nk36_tvdt1_tvB0_tvC0_useD0_gating4proposed_0
EthanolConcentration,MambaSingleLayer,1751,512,16,1,4,36,False,True,True,False,gating4proposed,0.2965779467680608,892936,13.18,classification_CLS_EthanolConcentration_MambaSingleLayer_UEA_ftM_sl1751_ll0_pl0_dm512_ds16_expand1_dc4_nk36_tvdt0_tvB1_tvC1_useD0_gating4proposed_0
EthanolConcentration,MambaSingleLayer,1751,512,16,1,4,36,False,True,False,False,gating4proposed,0.3193916349809886,892936,13.18,classification_CLS_EthanolConcentration_MambaSingleLayer_UEA_ftM_sl1751_ll0_pl0_dm512_ds16_expand1_dc4_nk36_tvdt0_tvB1_tvC0_useD0_gating4proposed_0
EthanolConcentration,MambaSingleLayer,1751,512,16,1,4,36,False,False,True,False,gating4proposed,0.3688212927756654,892936,13.18,classification_CLS_EthanolConcentration_MambaSingleLayer_UEA_ftM_sl1751_ll0_pl0_dm512_ds16_expand1_dc4_nk36_tvdt0_tvB0_tvC1_useD0_gating4proposed_0
EthanolConcentration,MambaSingleLayer,1751,512,16,1,4,36,False,False,False,False,gating4proposed,0.4068441064638783,892936,13.18,classification_CLS_EthanolConcentration_MambaSingleLayer_UEA_ftM_sl1751_ll0_pl0_dm512_ds16_expand1_dc4_nk36_tvdt0_tvB0_tvC0_useD0_gating4proposed_0
EthanolConcentration,MambaSingleLayer,1751,512,8,1,4,36,True,True,True,False,gating4proposed,0.2965779467680608,897032,13.19,classification_CLS_EthanolConcentration_MambaSingleLayer_UEA_ftM_sl1751_ll0_pl0_dm512_ds8_expand1_dc4_nk36_tvdt1_tvB1_tvC1_useD0_gating4proposed_0
EthanolConcentration,MambaSingleLayer,1751,512,8,1,4,36,True,True,False,False,gating4proposed,0.29277566539923955,897032,13.19,classification_CLS_EthanolConcentration_MambaSingleLayer_UEA_ftM_sl1751_ll0_pl0_dm512_ds8_expand1_dc4_nk36_tvdt1_tvB1_tvC0_useD0_gating4proposed_0
EthanolConcentration,MambaSingleLayer,1751,512,8,1,4,36,True,False,True,False,gating4proposed,0.2965779467680608,897032,13.19,classification_CLS_EthanolConcentration_MambaSingleLayer_UEA_ftM_sl1751_ll0_pl0_dm512_ds8_expand1_dc4_nk36_tvdt1_tvB0_tvC1_useD0_gating4proposed_0
EthanolConcentration,MambaSingleLayer,1751,512,8,1,4,36,True,False,False,False,gating4proposed,0.2813688212927757,897032,13.19,classification_CLS_EthanolConcentration_MambaSingleLayer_UEA_ftM_sl1751_ll0_pl0_dm512_ds8_expand1_dc4_nk36_tvdt1_tvB0_tvC0_useD0_gating4proposed_0
EthanolConcentration,MambaSingleLayer,1751,512,8,1,4,36,False,True,True,False,gating4proposed,0.3269961977186312,880648,13.13,classification_CLS_EthanolConcentration_MambaSingleLayer_UEA_ftM_sl1751_ll0_pl0_dm512_ds8_expand1_dc4_nk36_tvdt0_tvB1_tvC1_useD0_gating4proposed_0
EthanolConcentration,MambaSingleLayer,1751,512,8,1,4,36,False,True,False,False,gating4proposed,0.35361216730038025,880648,13.13,classification_CLS_EthanolConcentration_MambaSingleLayer_UEA_ftM_sl1751_ll0_pl0_dm512_ds8_expand1_dc4_nk36_tvdt0_tvB1_tvC0_useD0_gating4proposed_0
EthanolConcentration,MambaSingleLayer,1751,512,8,1,4,36,False,False,True,False,gating4proposed,0.376425855513308,880648,13.13,classification_CLS_EthanolConcentration_MambaSingleLayer_UEA_ftM_sl1751_ll0_pl0_dm512_ds8_expand1_dc4_nk36_tvdt0_tvB0_tvC1_useD0_gating4proposed_0
EthanolConcentration,MambaSingleLayer,1751,512,8,1,4,36,False,False,False,False,gating4proposed,0.4220532319391635,880648,13.13,classification_CLS_EthanolConcentration_MambaSingleLayer_UEA_ftM_sl1751_ll0_pl0_dm512_ds8_expand1_dc4_nk36_tvdt0_tvB0_tvC0_useD0_gating4proposed_0
EthanolConcentration,MambaSingleLayer,1751,512,4,1,4,36,True,True,True,False,gating4proposed,0.26996197718631176,890888,13.17,classification_CLS_EthanolConcentration_MambaSingleLayer_UEA_ftM_sl1751_ll0_pl0_dm512_ds4_expand1_dc4_nk36_tvdt1_tvB1_tvC1_useD0_gating4proposed_0
EthanolConcentration,MambaSingleLayer,1751,512,4,1,4,36,True,True,False,False,gating4proposed,0.2965779467680608,890888,13.17,classification_CLS_EthanolConcentration_MambaSingleLayer_UEA_ftM_sl1751_ll0_pl0_dm512_ds4_expand1_dc4_nk36_tvdt1_tvB1_tvC0_useD0_gating4proposed_0
EthanolConcentration,MambaSingleLayer,1751,512,4,1,4,36,True,False,True,False,gating4proposed,0.33079847908745247,890888,13.17,classification_CLS_EthanolConcentration_MambaSingleLayer_UEA_ftM_sl1751_ll0_pl0_dm512_ds4_expand1_dc4_nk36_tvdt1_tvB0_tvC1_useD0_gating4proposed_0
EthanolConcentration,MambaSingleLayer,1751,512,4,1,4,36,True,False,False,False,gating4proposed,0.2813688212927757,890888,13.17,classification_CLS_EthanolConcentration_MambaSingleLayer_UEA_ftM_sl1751_ll0_pl0_dm512_ds4_expand1_dc4_nk36_tvdt1_tvB0_tvC0_useD0_gating4proposed_0
EthanolConcentration,MambaSingleLayer,1751,512,4,1,4,36,False,True,True,False,gating4proposed,0.30798479087452474,874504,13.11,classification_CLS_EthanolConcentration_MambaSingleLayer_UEA_ftM_sl1751_ll0_pl0_dm512_ds4_expand1_dc4_nk36_tvdt0_tvB1_tvC1_useD0_gating4proposed_0
EthanolConcentration,MambaSingleLayer,1751,512,4,1,4,36,False,True,False,False,gating4proposed,0.29277566539923955,874504,13.11,classification_CLS_EthanolConcentration_MambaSingleLayer_UEA_ftM_sl1751_ll0_pl0_dm512_ds4_expand1_dc4_nk36_tvdt0_tvB1_tvC0_useD0_gating4proposed_0
EthanolConcentration,MambaSingleLayer,1751,512,4,1,4,36,False,False,True,False,gating4proposed,0.3650190114068441,874504,13.11,classification_CLS_EthanolConcentration_MambaSingleLayer_UEA_ftM_sl1751_ll0_pl0_dm512_ds4_expand1_dc4_nk36_tvdt0_tvB0_tvC1_useD0_gating4proposed_0
EthanolConcentration,MambaSingleLayer,1751,512,4,1,4,36,False,False,False,False,gating4proposed,0.42585551330798477,874504,13.11,classification_CLS_EthanolConcentration_MambaSingleLayer_UEA_ftM_sl1751_ll0_pl0_dm512_ds4_expand1_dc4_nk36_tvdt0_tvB0_tvC0_useD0_gating4proposed_0
EthanolConcentration,MambaSingleLayer,1751,512,2,1,4,36,True,True,True,False,gating4proposed,0.2889733840304182,887816,13.16,classification_CLS_EthanolConcentration_MambaSingleLayer_UEA_ftM_sl1751_ll0_pl0_dm512_ds2_expand1_dc4_nk36_tvdt1_tvB1_tvC1_useD0_gating4proposed_0
EthanolConcentration,MambaSingleLayer,1751,512,2,1,4,36,True,True,False,False,gating4proposed,0.30038022813688214,887816,13.16,classification_CLS_EthanolConcentration_MambaSingleLayer_UEA_ftM_sl1751_ll0_pl0_dm512_ds2_expand1_dc4_nk36_tvdt1_tvB1_tvC0_useD0_gating4proposed_0
EthanolConcentration,MambaSingleLayer,1751,512,2,1,4,36,True,False,True,False,gating4proposed,0.27756653992395436,887816,13.16,classification_CLS_EthanolConcentration_MambaSingleLayer_UEA_ftM_sl1751_ll0_pl0_dm512_ds2_expand1_dc4_nk36_tvdt1_tvB0_tvC1_useD0_gating4proposed_0
EthanolConcentration,MambaSingleLayer,1751,512,2,1,4,36,True,False,False,False,gating4proposed,0.2889733840304182,887816,13.16,classification_CLS_EthanolConcentration_MambaSingleLayer_UEA_ftM_sl1751_ll0_pl0_dm512_ds2_expand1_dc4_nk36_tvdt1_tvB0_tvC0_useD0_gating4proposed_0
EthanolConcentration,MambaSingleLayer,1751,512,2,1,4,36,False,True,True,False,gating4proposed,0.3193916349809886,871432,13.1,classification_CLS_EthanolConcentration_MambaSingleLayer_UEA_ftM_sl1751_ll0_pl0_dm512_ds2_expand1_dc4_nk36_tvdt0_tvB1_tvC1_useD0_gating4proposed_0
EthanolConcentration,MambaSingleLayer,1751,512,2,1,4,36,False,True,False,False,gating4proposed,0.2889733840304182,871432,13.1,classification_CLS_EthanolConcentration_MambaSingleLayer_UEA_ftM_sl1751_ll0_pl0_dm512_ds2_expand1_dc4_nk36_tvdt0_tvB1_tvC0_useD0_gating4proposed_0
EthanolConcentration,MambaSingleLayer,1751,512,2,1,4,36,False,False,True,False,gating4proposed,0.2889733840304182,871432,13.1,classification_CLS_EthanolConcentration_MambaSingleLayer_UEA_ftM_sl1751_ll0_pl0_dm512_ds2_expand1_dc4_nk36_tvdt0_tvB0_tvC1_useD0_gating4proposed_0
EthanolConcentration,MambaSingleLayer,1751,512,2,1,4,36,False,False,False,False,gating4proposed,0.3916349809885932,871432,13.1,classification_CLS_EthanolConcentration_MambaSingleLayer_UEA_ftM_sl1751_ll0_pl0_dm512_ds2_expand1_dc4_nk36_tvdt0_tvB0_tvC0_useD0_gating4proposed_0
EthanolConcentration,MambaSingleLayer,1751,512,1,1,4,36,True,True,True,False,gating4proposed,0.29277566539923955,886280,13.15,classification_CLS_EthanolConcentration_MambaSingleLayer_UEA_ftM_sl1751_ll0_pl0_dm512_ds1_expand1_dc4_nk36_tvdt1_tvB1_tvC1_useD0_gating4proposed_0
EthanolConcentration,MambaSingleLayer,1751,512,1,1,4,36,True,True,False,False,gating4proposed,0.311787072243346,886280,13.15,classification_CLS_EthanolConcentration_MambaSingleLayer_UEA_ftM_sl1751_ll0_pl0_dm512_ds1_expand1_dc4_nk36_tvdt1_tvB1_tvC0_useD0_gating4proposed_0
EthanolConcentration,MambaSingleLayer,1751,512,1,1,4,36,True,False,True,False,gating4proposed,0.30798479087452474,886280,13.15,classification_CLS_EthanolConcentration_MambaSingleLayer_UEA_ftM_sl1751_ll0_pl0_dm512_ds1_expand1_dc4_nk36_tvdt1_tvB0_tvC1_useD0_gating4proposed_0
EthanolConcentration,MambaSingleLayer,1751,512,1,1,4,36,True,False,False,False,gating4proposed,0.29277566539923955,886280,13.15,classification_CLS_EthanolConcentration_MambaSingleLayer_UEA_ftM_sl1751_ll0_pl0_dm512_ds1_expand1_dc4_nk36_tvdt1_tvB0_tvC0_useD0_gating4proposed_0
EthanolConcentration,MambaSingleLayer,1751,512,1,1,4,36,False,True,True,False,gating4proposed,0.3650190114068441,869896,13.09,classification_CLS_EthanolConcentration_MambaSingleLayer_UEA_ftM_sl1751_ll0_pl0_dm512_ds1_expand1_dc4_nk36_tvdt0_tvB1_tvC1_useD0_gating4proposed_0
EthanolConcentration,MambaSingleLayer,1751,512,1,1,4,36,False,True,False,False,gating4proposed,0.2889733840304182,869896,13.09,classification_CLS_EthanolConcentration_MambaSingleLayer_UEA_ftM_sl1751_ll0_pl0_dm512_ds1_expand1_dc4_nk36_tvdt0_tvB1_tvC0_useD0_gating4proposed_0
EthanolConcentration,MambaSingleLayer,1751,512,1,1,4,36,False,False,True,False,gating4proposed,0.28517110266159695,869896,13.09,classification_CLS_EthanolConcentration_MambaSingleLayer_UEA_ftM_sl1751_ll0_pl0_dm512_ds1_expand1_dc4_nk36_tvdt0_tvB0_tvC1_useD0_gating4proposed_0
EthanolConcentration,MambaSingleLayer,1751,512,1,1,4,36,False,False,False,False,gating4proposed,0.3688212927756654,869896,13.09,classification_CLS_EthanolConcentration_MambaSingleLayer_UEA_ftM_sl1751_ll0_pl0_dm512_ds1_expand1_dc4_nk36_tvdt0_tvB0_tvC0_useD0_gating4proposed_0
EthanolConcentration,MambaSingleLayer,1751,256,16,1,4,36,True,True,True,False,gating4proposed,0.2965779467680608,249864,5.84,classification_CLS_EthanolConcentration_MambaSingleLayer_UEA_ftM_sl1751_ll0_pl0_dm256_ds16_expand1_dc4_nk36_tvdt1_tvB1_tvC1_useD0_gating4proposed_0
EthanolConcentration,MambaSingleLayer,1751,256,16,1,4,36,True,True,False,False,gating4proposed,0.28517110266159695,249864,5.84,classification_CLS_EthanolConcentration_MambaSingleLayer_UEA_ftM_sl1751_ll0_pl0_dm256_ds16_expand1_dc4_nk36_tvdt1_tvB1_tvC0_useD0_gating4proposed_0
EthanolConcentration,MambaSingleLayer,1751,256,16,1,4,36,True,False,True,False,gating4proposed,0.2813688212927757,249864,5.84,classification_CLS_EthanolConcentration_MambaSingleLayer_UEA_ftM_sl1751_ll0_pl0_dm256_ds16_expand1_dc4_nk36_tvdt1_tvB0_tvC1_useD0_gating4proposed_0
EthanolConcentration,MambaSingleLayer,1751,256,16,1,4,36,True,False,False,False,gating4proposed,0.2737642585551331,249864,5.84,classification_CLS_EthanolConcentration_MambaSingleLayer_UEA_ftM_sl1751_ll0_pl0_dm256_ds16_expand1_dc4_nk36_tvdt1_tvB0_tvC0_useD0_gating4proposed_0
EthanolConcentration,MambaSingleLayer,1751,256,16,1,4,36,False,True,True,False,gating4proposed,0.3193916349809886,245768,5.83,classification_CLS_EthanolConcentration_MambaSingleLayer_UEA_ftM_sl1751_ll0_pl0_dm256_ds16_expand1_dc4_nk36_tvdt0_tvB1_tvC1_useD0_gating4proposed_0
EthanolConcentration,MambaSingleLayer,1751,256,16,1,4,36,False,True,False,False,gating4proposed,0.2965779467680608,245768,5.83,classification_CLS_EthanolConcentration_MambaSingleLayer_UEA_ftM_sl1751_ll0_pl0_dm256_ds16_expand1_dc4_nk36_tvdt0_tvB1_tvC0_useD0_gating4proposed_0
EthanolConcentration,MambaSingleLayer,1751,256,16,1,4,36,False,False,True,False,gating4proposed,0.2965779467680608,245768,5.83,classification_CLS_EthanolConcentration_MambaSingleLayer_UEA_ftM_sl1751_ll0_pl0_dm256_ds16_expand1_dc4_nk36_tvdt0_tvB0_tvC1_useD0_gating4proposed_0
EthanolConcentration,MambaSingleLayer,1751,256,16,1,4,36,False,False,False,False,gating4proposed,0.2965779467680608,245768,5.83,classification_CLS_EthanolConcentration_MambaSingleLayer_UEA_ftM_sl1751_ll0_pl0_dm256_ds16_expand1_dc4_nk36_tvdt0_tvB0_tvC0_useD0_gating4proposed_0
EthanolConcentration,MambaSingleLayer,1751,256,8,1,4,36,True,True,True,False,gating4proposed,0.30798479087452474,243720,5.82,classification_CLS_EthanolConcentration_MambaSingleLayer_UEA_ftM_sl1751_ll0_pl0_dm256_ds8_expand1_dc4_nk36_tvdt1_tvB1_tvC1_useD0_gating4proposed_0
EthanolConcentration,MambaSingleLayer,1751,256,8,1,4,36,True,True,False,False,gating4proposed,0.2889733840304182,243720,5.82,classification_CLS_EthanolConcentration_MambaSingleLayer_UEA_ftM_sl1751_ll0_pl0_dm256_ds8_expand1_dc4_nk36_tvdt1_tvB1_tvC0_useD0_gating4proposed_0
EthanolConcentration,MambaSingleLayer,1751,256,8,1,4,36,True,False,True,False,gating4proposed,0.30038022813688214,243720,5.82,classification_CLS_EthanolConcentration_MambaSingleLayer_UEA_ftM_sl1751_ll0_pl0_dm256_ds8_expand1_dc4_nk36_tvdt1_tvB0_tvC1_useD0_gating4proposed_0
EthanolConcentration,MambaSingleLayer,1751,256,8,1,4,36,True,False,False,False,gating4proposed,0.28517110266159695,243720,5.82,classification_CLS_EthanolConcentration_MambaSingleLayer_UEA_ftM_sl1751_ll0_pl0_dm256_ds8_expand1_dc4_nk36_tvdt1_tvB0_tvC0_useD0_gating4proposed_0
EthanolConcentration,MambaSingleLayer,1751,256,8,1,4,36,False,True,True,False,gating4proposed,0.311787072243346,239624,5.8,classification_CLS_EthanolConcentration_MambaSingleLayer_UEA_ftM_sl1751_ll0_pl0_dm256_ds8_expand1_dc4_nk36_tvdt0_tvB1_tvC1_useD0_gating4proposed_0
EthanolConcentration,MambaSingleLayer,1751,256,8,1,4,36,False,True,False,False,gating4proposed,0.3041825095057034,239624,5.8,classification_CLS_EthanolConcentration_MambaSingleLayer_UEA_ftM_sl1751_ll0_pl0_dm256_ds8_expand1_dc4_nk36_tvdt0_tvB1_tvC0_useD0_gating4proposed_0
EthanolConcentration,MambaSingleLayer,1751,256,8,1,4,36,False,False,True,False,gating4proposed,0.28517110266159695,239624,5.8,classification_CLS_EthanolConcentration_MambaSingleLayer_UEA_ftM_sl1751_ll0_pl0_dm256_ds8_expand1_dc4_nk36_tvdt0_tvB0_tvC1_useD0_gating4proposed_0
EthanolConcentration,MambaSingleLayer,1751,256,8,1,4,36,False,False,False,False,gating4proposed,0.2965779467680608,239624,5.8,classification_CLS_EthanolConcentration_MambaSingleLayer_UEA_ftM_sl1751_ll0_pl0_dm256_ds8_expand1_dc4_nk36_tvdt0_tvB0_tvC0_useD0_gating4proposed_0
EthanolConcentration,MambaSingleLayer,1751,256,4,1,4,36,True,True,True,False,gating4proposed,0.311787072243346,240648,5.81,classification_CLS_EthanolConcentration_MambaSingleLayer_UEA_ftM_sl1751_ll0_pl0_dm256_ds4_expand1_dc4_nk36_tvdt1_tvB1_tvC1_useD0_gating4proposed_0
EthanolConcentration,MambaSingleLayer,1751,256,4,1,4,36,True,True,False,False,gating4proposed,0.30038022813688214,240648,5.81,classification_CLS_EthanolConcentration_MambaSingleLayer_UEA_ftM_sl1751_ll0_pl0_dm256_ds4_expand1_dc4_nk36_tvdt1_tvB1_tvC0_useD0_gating4proposed_0
EthanolConcentration,MambaSingleLayer,1751,256,4,1,4,36,True,False,True,False,gating4proposed,0.28517110266159695,240648,5.81,classification_CLS_EthanolConcentration_MambaSingleLayer_UEA_ftM_sl1751_ll0_pl0_dm256_ds4_expand1_dc4_nk36_tvdt1_tvB0_tvC1_useD0_gating4proposed_0
EthanolConcentration,MambaSingleLayer,1751,256,4,1,4,36,True,False,False,False,gating4proposed,0.2889733840304182,240648,5.81,classification_CLS_EthanolConcentration_MambaSingleLayer_UEA_ftM_sl1751_ll0_pl0_dm256_ds4_expand1_dc4_nk36_tvdt1_tvB0_tvC0_useD0_gating4proposed_0
EthanolConcentration,MambaSingleLayer,1751,256,4,1,4,36,False,True,True,False,gating4proposed,0.30798479087452474,236552,5.79,classification_CLS_EthanolConcentration_MambaSingleLayer_UEA_ftM_sl1751_ll0_pl0_dm256_ds4_expand1_dc4_nk36_tvdt0_tvB1_tvC1_useD0_gating4proposed_0
EthanolConcentration,MambaSingleLayer,1751,256,4,1,4,36,False,True,False,False,gating4proposed,0.33079847908745247,236552,5.79,classification_CLS_EthanolConcentration_MambaSingleLayer_UEA_ftM_sl1751_ll0_pl0_dm256_ds4_expand1_dc4_nk36_tvdt0_tvB1_tvC0_useD0_gating4proposed_0
EthanolConcentration,MambaSingleLayer,1751,256,4,1,4,36,False,False,True,False,gating4proposed,0.2813688212927757,236552,5.79,classification_CLS_EthanolConcentration_MambaSingleLayer_UEA_ftM_sl1751_ll0_pl0_dm256_ds4_expand1_dc4_nk36_tvdt0_tvB0_tvC1_useD0_gating4proposed_0
EthanolConcentration,MambaSingleLayer,1751,256,4,1,4,36,False,False,False,False,gating4proposed,0.30038022813688214,236552,5.79,classification_CLS_EthanolConcentration_MambaSingleLayer_UEA_ftM_sl1751_ll0_pl0_dm256_ds4_expand1_dc4_nk36_tvdt0_tvB0_tvC0_useD0_gating4proposed_0
EthanolConcentration,MambaSingleLayer,1751,256,2,1,4,36,True,True,True,False,gating4proposed,0.311787072243346,239112,5.8,classification_CLS_EthanolConcentration_MambaSingleLayer_UEA_ftM_sl1751_ll0_pl0_dm256_ds2_expand1_dc4_nk36_tvdt1_tvB1_tvC1_useD0_gating4proposed_0
EthanolConcentration,MambaSingleLayer,1751,256,2,1,4,36,True,True,False,False,gating4proposed,0.311787072243346,239112,5.8,classification_CLS_EthanolConcentration_MambaSingleLayer_UEA_ftM_sl1751_ll0_pl0_dm256_ds2_expand1_dc4_nk36_tvdt1_tvB1_tvC0_useD0_gating4proposed_0
EthanolConcentration,MambaSingleLayer,1751,256,2,1,4,36,True,False,True,False,gating4proposed,0.30038022813688214,239112,5.8,classification_CLS_EthanolConcentration_MambaSingleLayer_UEA_ftM_sl1751_ll0_pl0_dm256_ds2_expand1_dc4_nk36_tvdt1_tvB0_tvC1_useD0_gating4proposed_0
EthanolConcentration,MambaSingleLayer,1751,256,2,1,4,36,True,False,False,False,gating4proposed,0.27756653992395436,239112,5.8,classification_CLS_EthanolConcentration_MambaSingleLayer_UEA_ftM_sl1751_ll0_pl0_dm256_ds2_expand1_dc4_nk36_tvdt1_tvB0_tvC0_useD0_gating4proposed_0
EthanolConcentration,MambaSingleLayer,1751,256,2,1,4,36,False,True,True,False,gating4proposed,0.3231939163498099,235016,5.78,classification_CLS_EthanolConcentration_MambaSingleLayer_UEA_ftM_sl1751_ll0_pl0_dm256_ds2_expand1_dc4_nk36_tvdt0_tvB1_tvC1_useD0_gating4proposed_0
EthanolConcentration,MambaSingleLayer,1751,256,2,1,4,36,False,True,False,False,gating4proposed,0.2965779467680608,235016,5.79,classification_CLS_EthanolConcentration_MambaSingleLayer_UEA_ftM_sl1751_ll0_pl0_dm256_ds2_expand1_dc4_nk36_tvdt0_tvB1_tvC0_useD0_gating4proposed_0
EthanolConcentration,MambaSingleLayer,1751,256,2,1,4,36,False,False,True,False,gating4proposed,0.2737642585551331,235016,5.79,classification_CLS_EthanolConcentration_MambaSingleLayer_UEA_ftM_sl1751_ll0_pl0_dm256_ds2_expand1_dc4_nk36_tvdt0_tvB0_tvC1_useD0_gating4proposed_0
EthanolConcentration,MambaSingleLayer,1751,256,2,1,4,36,False,False,False,False,gating4proposed,0.2965779467680608,235016,5.79,classification_CLS_EthanolConcentration_MambaSingleLayer_UEA_ftM_sl1751_ll0_pl0_dm256_ds2_expand1_dc4_nk36_tvdt0_tvB0_tvC0_useD0_gating4proposed_0
EthanolConcentration,MambaSingleLayer,1751,256,1,1,4,36,True,True,True,False,gating4proposed,0.3155893536121673,238344,5.8,classification_CLS_EthanolConcentration_MambaSingleLayer_UEA_ftM_sl1751_ll0_pl0_dm256_ds1_expand1_dc4_nk36_tvdt1_tvB1_tvC1_useD0_gating4proposed_0
EthanolConcentration,MambaSingleLayer,1751,256,1,1,4,36,True,True,False,False,gating4proposed,0.28517110266159695,238344,5.8,classification_CLS_EthanolConcentration_MambaSingleLayer_UEA_ftM_sl1751_ll0_pl0_dm256_ds1_expand1_dc4_nk36_tvdt1_tvB1_tvC0_useD0_gating4proposed_0
EthanolConcentration,MambaSingleLayer,1751,256,1,1,4,36,True,False,True,False,gating4proposed,0.2813688212927757,238344,5.8,classification_CLS_EthanolConcentration_MambaSingleLayer_UEA_ftM_sl1751_ll0_pl0_dm256_ds1_expand1_dc4_nk36_tvdt1_tvB0_tvC1_useD0_gating4proposed_0
EthanolConcentration,MambaSingleLayer,1751,256,1,1,4,36,True,False,False,False,gating4proposed,0.29277566539923955,238344,5.8,classification_CLS_EthanolConcentration_MambaSingleLayer_UEA_ftM_sl1751_ll0_pl0_dm256_ds1_expand1_dc4_nk36_tvdt1_tvB0_tvC0_useD0_gating4proposed_0
EthanolConcentration,MambaSingleLayer,1751,256,1,1,4,36,False,True,True,False,gating4proposed,0.29277566539923955,234248,5.78,classification_CLS_EthanolConcentration_MambaSingleLayer_UEA_ftM_sl1751_ll0_pl0_dm256_ds1_expand1_dc4_nk36_tvdt0_tvB1_tvC1_useD0_gating4proposed_0
EthanolConcentration,MambaSingleLayer,1751,256,1,1,4,36,False,True,False,False,gating4proposed,0.30798479087452474,234248,5.78,classification_CLS_EthanolConcentration_MambaSingleLayer_UEA_ftM_sl1751_ll0_pl0_dm256_ds1_expand1_dc4_nk36_tvdt0_tvB1_tvC0_useD0_gating4proposed_0
EthanolConcentration,MambaSingleLayer,1751,256,1,1,4,36,False,False,True,False,gating4proposed,0.29277566539923955,234248,5.78,classification_CLS_EthanolConcentration_MambaSingleLayer_UEA_ftM_sl1751_ll0_pl0_dm256_ds1_expand1_dc4_nk36_tvdt0_tvB0_tvC1_useD0_gating4proposed_0
EthanolConcentration,MambaSingleLayer,1751,256,1,1,4,36,False,False,False,False,gating4proposed,0.2889733840304182,234248,5.78,classification_CLS_EthanolConcentration_MambaSingleLayer_UEA_ftM_sl1751_ll0_pl0_dm256_ds1_expand1_dc4_nk36_tvdt0_tvB0_tvC0_useD0_gating4proposed_0
EthanolConcentration,MambaSingleLayer,1751,128,16,1,4,36,True,True,True,False,gating4proposed,0.2965779467680608,73736,2.73,classification_CLS_EthanolConcentration_MambaSingleLayer_UEA_ftM_sl1751_ll0_pl0_dm128_ds16_expand1_dc4_nk36_tvdt1_tvB1_tvC1_useD0_gating4proposed_0
EthanolConcentration,MambaSingleLayer,1751,128,16,1,4,36,True,True,False,False,gating4proposed,0.2965779467680608,73736,2.73,classification_CLS_EthanolConcentration_MambaSingleLayer_UEA_ftM_sl1751_ll0_pl0_dm128_ds16_expand1_dc4_nk36_tvdt1_tvB1_tvC0_useD0_gating4proposed_0
EthanolConcentration,MambaSingleLayer,1751,128,16,1,4,36,True,False,True,False,gating4proposed,0.2889733840304182,73736,2.73,classification_CLS_EthanolConcentration_MambaSingleLayer_UEA_ftM_sl1751_ll0_pl0_dm128_ds16_expand1_dc4_nk36_tvdt1_tvB0_tvC1_useD0_gating4proposed_0
EthanolConcentration,MambaSingleLayer,1751,128,16,1,4,36,True,False,False,False,gating4proposed,0.2813688212927757,73736,2.73,classification_CLS_EthanolConcentration_MambaSingleLayer_UEA_ftM_sl1751_ll0_pl0_dm128_ds16_expand1_dc4_nk36_tvdt1_tvB0_tvC0_useD0_gating4proposed_0
EthanolConcentration,MambaSingleLayer,1751,128,16,1,4,36,False,True,True,False,gating4proposed,0.28517110266159695,72712,2.72,classification_CLS_EthanolConcentration_MambaSingleLayer_UEA_ftM_sl1751_ll0_pl0_dm128_ds16_expand1_dc4_nk36_tvdt0_tvB1_tvC1_useD0_gating4proposed_0
EthanolConcentration,MambaSingleLayer,1751,128,16,1,4,36,False,True,False,False,gating4proposed,0.30038022813688214,72712,2.72,classification_CLS_EthanolConcentration_MambaSingleLayer_UEA_ftM_sl1751_ll0_pl0_dm128_ds16_expand1_dc4_nk36_tvdt0_tvB1_tvC0_useD0_gating4proposed_0
EthanolConcentration,MambaSingleLayer,1751,128,16,1,4,36,False,False,True,False,gating4proposed,0.3041825095057034,72712,2.72,classification_CLS_EthanolConcentration_MambaSingleLayer_UEA_ftM_sl1751_ll0_pl0_dm128_ds16_expand1_dc4_nk36_tvdt0_tvB0_tvC1_useD0_gating4proposed_0
EthanolConcentration,MambaSingleLayer,1751,128,16,1,4,36,False,False,False,False,gating4proposed,0.2965779467680608,72712,2.72,classification_CLS_EthanolConcentration_MambaSingleLayer_UEA_ftM_sl1751_ll0_pl0_dm128_ds16_expand1_dc4_nk36_tvdt0_tvB0_tvC0_useD0_gating4proposed_0
EthanolConcentration,MambaSingleLayer,1751,128,8,1,4,36,True,True,True,False,gating4proposed,0.2965779467680608,70664,2.72,classification_CLS_EthanolConcentration_MambaSingleLayer_UEA_ftM_sl1751_ll0_pl0_dm128_ds8_expand1_dc4_nk36_tvdt1_tvB1_tvC1_useD0_gating4proposed_0
EthanolConcentration,MambaSingleLayer,1751,128,8,1,4,36,True,True,False,False,gating4proposed,0.3041825095057034,70664,2.72,classification_CLS_EthanolConcentration_MambaSingleLayer_UEA_ftM_sl1751_ll0_pl0_dm128_ds8_expand1_dc4_nk36_tvdt1_tvB1_tvC0_useD0_gating4proposed_0
EthanolConcentration,MambaSingleLayer,1751,128,8,1,4,36,True,False,True,False,gating4proposed,0.29277566539923955,70664,2.72,classification_CLS_EthanolConcentration_MambaSingleLayer_UEA_ftM_sl1751_ll0_pl0_dm128_ds8_expand1_dc4_nk36_tvdt1_tvB0_tvC1_useD0_gating4proposed_0
EthanolConcentration,MambaSingleLayer,1751,128,8,1,4,36,True,False,False,False,gating4proposed,0.28517110266159695,70664,2.72,classification_CLS_EthanolConcentration_MambaSingleLayer_UEA_ftM_sl1751_ll0_pl0_dm128_ds8_expand1_dc4_nk36_tvdt1_tvB0_tvC0_useD0_gating4proposed_0
EthanolConcentration,MambaSingleLayer,1751,128,8,1,4,36,False,True,True,False,gating4proposed,0.2813688212927757,69640,2.71,classification_CLS_EthanolConcentration_MambaSingleLayer_UEA_ftM_sl1751_ll0_pl0_dm128_ds8_expand1_dc4_nk36_tvdt0_tvB1_tvC1_useD0_gating4proposed_0
EthanolConcentration,MambaSingleLayer,1751,128,8,1,4,36,False,True,False,False,gating4proposed,0.30038022813688214,69640,2.71,classification_CLS_EthanolConcentration_MambaSingleLayer_UEA_ftM_sl1751_ll0_pl0_dm128_ds8_expand1_dc4_nk36_tvdt0_tvB1_tvC0_useD0_gating4proposed_0
EthanolConcentration,MambaSingleLayer,1751,128,8,1,4,36,False,False,True,False,gating4proposed,0.2965779467680608,69640,2.71,classification_CLS_EthanolConcentration_MambaSingleLayer_UEA_ftM_sl1751_ll0_pl0_dm128_ds8_expand1_dc4_nk36_tvdt0_tvB0_tvC1_useD0_gating4proposed_0
EthanolConcentration,MambaSingleLayer,1751,128,8,1,4,36,False,False,False,False,gating4proposed,0.3041825095057034,69640,2.71,classification_CLS_EthanolConcentration_MambaSingleLayer_UEA_ftM_sl1751_ll0_pl0_dm128_ds8_expand1_dc4_nk36_tvdt0_tvB0_tvC0_useD0_gating4proposed_0
EthanolConcentration,MambaSingleLayer,1751,128,4,1,4,36,True,True,True,False,gating4proposed,0.3231939163498099,69128,2.71,classification_CLS_EthanolConcentration_MambaSingleLayer_UEA_ftM_sl1751_ll0_pl0_dm128_ds4_expand1_dc4_nk36_tvdt1_tvB1_tvC1_useD0_gating4proposed_0
EthanolConcentration,MambaSingleLayer,1751,128,4,1,4,36,True,True,False,False,gating4proposed,0.2889733840304182,69128,2.71,classification_CLS_EthanolConcentration_MambaSingleLayer_UEA_ftM_sl1751_ll0_pl0_dm128_ds4_expand1_dc4_nk36_tvdt1_tvB1_tvC0_useD0_gating4proposed_0
EthanolConcentration,MambaSingleLayer,1751,128,4,1,4,36,True,False,True,False,gating4proposed,0.30038022813688214,69128,2.71,classification_CLS_EthanolConcentration_MambaSingleLayer_UEA_ftM_sl1751_ll0_pl0_dm128_ds4_expand1_dc4_nk36_tvdt1_tvB0_tvC1_useD0_gating4proposed_0
EthanolConcentration,MambaSingleLayer,1751,128,4,1,4,36,True,False,False,False,gating4proposed,0.30038022813688214,69128,2.71,classification_CLS_EthanolConcentration_MambaSingleLayer_UEA_ftM_sl1751_ll0_pl0_dm128_ds4_expand1_dc4_nk36_tvdt1_tvB0_tvC0_useD0_gating4proposed_0
EthanolConcentration,MambaSingleLayer,1751,128,4,1,4,36,False,True,True,False,gating4proposed,0.30038022813688214,68104,2.71,classification_CLS_EthanolConcentration_MambaSingleLayer_UEA_ftM_sl1751_ll0_pl0_dm128_ds4_expand1_dc4_nk36_tvdt0_tvB1_tvC1_useD0_gating4proposed_0
EthanolConcentration,MambaSingleLayer,1751,128,4,1,4,36,False,True,False,False,gating4proposed,0.3193916349809886,68104,2.71,classification_CLS_EthanolConcentration_MambaSingleLayer_UEA_ftM_sl1751_ll0_pl0_dm128_ds4_expand1_dc4_nk36_tvdt0_tvB1_tvC0_useD0_gating4proposed_0
EthanolConcentration,MambaSingleLayer,1751,128,4,1,4,36,False,False,True,False,gating4proposed,0.29277566539923955,68104,2.71,classification_CLS_EthanolConcentration_MambaSingleLayer_UEA_ftM_sl1751_ll0_pl0_dm128_ds4_expand1_dc4_nk36_tvdt0_tvB0_tvC1_useD0_gating4proposed_0
EthanolConcentration,MambaSingleLayer,1751,128,4,1,4,36,False,False,False,False,gating4proposed,0.29277566539923955,68104,2.71,classification_CLS_EthanolConcentration_MambaSingleLayer_UEA_ftM_sl1751_ll0_pl0_dm128_ds4_expand1_dc4_nk36_tvdt0_tvB0_tvC0_useD0_gating4proposed_0
EthanolConcentration,MambaSingleLayer,1751,128,2,1,4,36,True,True,True,False,gating4proposed,0.30038022813688214,68360,2.71,classification_CLS_EthanolConcentration_MambaSingleLayer_UEA_ftM_sl1751_ll0_pl0_dm128_ds2_expand1_dc4_nk36_tvdt1_tvB1_tvC1_useD0_gating4proposed_0
EthanolConcentration,MambaSingleLayer,1751,128,2,1,4,36,True,True,False,False,gating4proposed,0.29277566539923955,68360,2.71,classification_CLS_EthanolConcentration_MambaSingleLayer_UEA_ftM_sl1751_ll0_pl0_dm128_ds2_expand1_dc4_nk36_tvdt1_tvB1_tvC0_useD0_gating4proposed_0
EthanolConcentration,MambaSingleLayer,1751,128,2,1,4,36,True,False,True,False,gating4proposed,0.2889733840304182,68360,2.71,classification_CLS_EthanolConcentration_MambaSingleLayer_UEA_ftM_sl1751_ll0_pl0_dm128_ds2_expand1_dc4_nk36_tvdt1_tvB0_tvC1_useD0_gating4proposed_0
EthanolConcentration,MambaSingleLayer,1751,128,2,1,4,36,True,False,False,False,gating4proposed,0.30038022813688214,68360,2.71,classification_CLS_EthanolConcentration_MambaSingleLayer_UEA_ftM_sl1751_ll0_pl0_dm128_ds2_expand1_dc4_nk36_tvdt1_tvB0_tvC0_useD0_gating4proposed_0
EthanolConcentration,MambaSingleLayer,1751,128,2,1,4,36,False,True,True,False,gating4proposed,0.2889733840304182,67336,2.7,classification_CLS_EthanolConcentration_MambaSingleLayer_UEA_ftM_sl1751_ll0_pl0_dm128_ds2_expand1_dc4_nk36_tvdt0_tvB1_tvC1_useD0_gating4proposed_0
EthanolConcentration,MambaSingleLayer,1751,128,2,1,4,36,False,True,False,False,gating4proposed,0.3231939163498099,67336,2.7,classification_CLS_EthanolConcentration_MambaSingleLayer_UEA_ftM_sl1751_ll0_pl0_dm128_ds2_expand1_dc4_nk36_tvdt0_tvB1_tvC0_useD0_gating4proposed_0
EthanolConcentration,MambaSingleLayer,1751,128,2,1,4,36,False,False,True,False,gating4proposed,0.29277566539923955,67336,2.7,classification_CLS_EthanolConcentration_MambaSingleLayer_UEA_ftM_sl1751_ll0_pl0_dm128_ds2_expand1_dc4_nk36_tvdt0_tvB0_tvC1_useD0_gating4proposed_0
EthanolConcentration,MambaSingleLayer,1751,128,2,1,4,36,False,False,False,False,gating4proposed,0.30038022813688214,67336,2.7,classification_CLS_EthanolConcentration_MambaSingleLayer_UEA_ftM_sl1751_ll0_pl0_dm128_ds2_expand1_dc4_nk36_tvdt0_tvB0_tvC0_useD0_gating4proposed_0
EthanolConcentration,MambaSingleLayer,1751,128,1,1,4,36,True,True,True,False,gating4proposed,0.29277566539923955,67976,2.71,classification_CLS_EthanolConcentration_MambaSingleLayer_UEA_ftM_sl1751_ll0_pl0_dm128_ds1_expand1_dc4_nk36_tvdt1_tvB1_tvC1_useD0_gating4proposed_0
EthanolConcentration,MambaSingleLayer,1751,128,1,1,4,36,True,True,False,False,gating4proposed,0.33460076045627374,67976,2.71,classification_CLS_EthanolConcentration_MambaSingleLayer_UEA_ftM_sl1751_ll0_pl0_dm128_ds1_expand1_dc4_nk36_tvdt1_tvB1_tvC0_useD0_gating4proposed_0
EthanolConcentration,MambaSingleLayer,1751,128,1,1,4,36,True,False,True,False,gating4proposed,0.3041825095057034,67976,2.71,classification_CLS_EthanolConcentration_MambaSingleLayer_UEA_ftM_sl1751_ll0_pl0_dm128_ds1_expand1_dc4_nk36_tvdt1_tvB0_tvC1_useD0_gating4proposed_0
EthanolConcentration,MambaSingleLayer,1751,128,1,1,4,36,True,False,False,False,gating4proposed,0.2737642585551331,67976,2.71,classification_CLS_EthanolConcentration_MambaSingleLayer_UEA_ftM_sl1751_ll0_pl0_dm128_ds1_expand1_dc4_nk36_tvdt1_tvB0_tvC0_useD0_gating4proposed_0
EthanolConcentration,MambaSingleLayer,1751,128,1,1,4,36,False,True,True,False,gating4proposed,0.29277566539923955,66952,2.7,classification_CLS_EthanolConcentration_MambaSingleLayer_UEA_ftM_sl1751_ll0_pl0_dm128_ds1_expand1_dc4_nk36_tvdt0_tvB1_tvC1_useD0_gating4proposed_0
EthanolConcentration,MambaSingleLayer,1751,128,1,1,4,36,False,True,False,False,gating4proposed,0.30038022813688214,66952,2.7,classification_CLS_EthanolConcentration_MambaSingleLayer_UEA_ftM_sl1751_ll0_pl0_dm128_ds1_expand1_dc4_nk36_tvdt0_tvB1_tvC0_useD0_gating4proposed_0
EthanolConcentration,MambaSingleLayer,1751,128,1,1,4,36,False,False,True,False,gating4proposed,0.311787072243346,66952,2.7,classification_CLS_EthanolConcentration_MambaSingleLayer_UEA_ftM_sl1751_ll0_pl0_dm128_ds1_expand1_dc4_nk36_tvdt0_tvB0_tvC1_useD0_gating4proposed_0
EthanolConcentration,MambaSingleLayer,1751,128,1,1,4,36,False,False,False,False,gating4proposed,0.2965779467680608,66952,2.7,classification_CLS_EthanolConcentration_MambaSingleLayer_UEA_ftM_sl1751_ll0_pl0_dm128_ds1_expand1_dc4_nk36_tvdt0_tvB0_tvC0_useD0_gating4proposed_0
EthanolConcentration,MambaSingleLayer,1751,64,16,1,4,36,True,True,True,False,gating4proposed,0.3155893536121673,24072,1.32,classification_CLS_EthanolConcentration_MambaSingleLayer_UEA_ftM_sl1751_ll0_pl0_dm64_ds16_expand1_dc4_nk36_tvdt1_tvB1_tvC1_useD0_gating4proposed_0
EthanolConcentration,MambaSingleLayer,1751,64,16,1,4,36,True,True,False,False,gating4proposed,0.2889733840304182,24072,1.32,classification_CLS_EthanolConcentration_MambaSingleLayer_UEA_ftM_sl1751_ll0_pl0_dm64_ds16_expand1_dc4_nk36_tvdt1_tvB1_tvC0_useD0_gating4proposed_0
EthanolConcentration,MambaSingleLayer,1751,64,16,1,4,36,True,False,True,False,gating4proposed,0.2889733840304182,24072,1.32,classification_CLS_EthanolConcentration_MambaSingleLayer_UEA_ftM_sl1751_ll0_pl0_dm64_ds16_expand1_dc4_nk36_tvdt1_tvB0_tvC1_useD0_gating4proposed_0
EthanolConcentration,MambaSingleLayer,1751,64,16,1,4,36,True,False,False,False,gating4proposed,0.2661596958174905,24072,1.32,classification_CLS_EthanolConcentration_MambaSingleLayer_UEA_ftM_sl1751_ll0_pl0_dm64_ds16_expand1_dc4_nk36_tvdt1_tvB0_tvC0_useD0_gating4proposed_0
EthanolConcentration,MambaSingleLayer,1751,64,16,1,4,36,False,True,True,False,gating4proposed,0.3155893536121673,23816,1.32,classification_CLS_EthanolConcentration_MambaSingleLayer_UEA_ftM_sl1751_ll0_pl0_dm64_ds16_expand1_dc4_nk36_tvdt0_tvB1_tvC1_useD0_gating4proposed_0
EthanolConcentration,MambaSingleLayer,1751,64,16,1,4,36,False,True,False,False,gating4proposed,0.2889733840304182,23816,1.32,classification_CLS_EthanolConcentration_MambaSingleLayer_UEA_ftM_sl1751_ll0_pl0_dm64_ds16_expand1_dc4_nk36_tvdt0_tvB1_tvC0_useD0_gating4proposed_0
EthanolConcentration,MambaSingleLayer,1751,64,16,1,4,36,False,False,True,False,gating4proposed,0.28517110266159695,23816,1.32,classification_CLS_EthanolConcentration_MambaSingleLayer_UEA_ftM_sl1751_ll0_pl0_dm64_ds16_expand1_dc4_nk36_tvdt0_tvB0_tvC1_useD0_gating4proposed_0
EthanolConcentration,MambaSingleLayer,1751,64,16,1,4,36,False,False,False,False,gating4proposed,0.3041825095057034,23816,1.32,classification_CLS_EthanolConcentration_MambaSingleLayer_UEA_ftM_sl1751_ll0_pl0_dm64_ds16_expand1_dc4_nk36_tvdt0_tvB0_tvC0_useD0_gating4proposed_0
EthanolConcentration,MambaSingleLayer,1751,64,8,1,4,36,True,True,True,False,gating4proposed,0.26996197718631176,22536,1.31,classification_CLS_EthanolConcentration_MambaSingleLayer_UEA_ftM_sl1751_ll0_pl0_dm64_ds8_expand1_dc4_nk36_tvdt1_tvB1_tvC1_useD0_gating4proposed_0
EthanolConcentration,MambaSingleLayer,1751,64,8,1,4,36,True,True,False,False,gating4proposed,0.2737642585551331,22536,1.31,classification_CLS_EthanolConcentration_MambaSingleLayer_UEA_ftM_sl1751_ll0_pl0_dm64_ds8_expand1_dc4_nk36_tvdt1_tvB1_tvC0_useD0_gating4proposed_0
EthanolConcentration,MambaSingleLayer,1751,64,8,1,4,36,True,False,True,False,gating4proposed,0.2661596958174905,22536,1.31,classification_CLS_EthanolConcentration_MambaSingleLayer_UEA_ftM_sl1751_ll0_pl0_dm64_ds8_expand1_dc4_nk36_tvdt1_tvB0_tvC1_useD0_gating4proposed_0
EthanolConcentration,MambaSingleLayer,1751,64,8,1,4,36,True,False,False,False,gating4proposed,0.27756653992395436,22536,1.31,classification_CLS_EthanolConcentration_MambaSingleLayer_UEA_ftM_sl1751_ll0_pl0_dm64_ds8_expand1_dc4_nk36_tvdt1_tvB0_tvC0_useD0_gating4proposed_0
EthanolConcentration,MambaSingleLayer,1751,64,8,1,4,36,False,True,True,False,gating4proposed,0.30038022813688214,22280,1.31,classification_CLS_EthanolConcentration_MambaSingleLayer_UEA_ftM_sl1751_ll0_pl0_dm64_ds8_expand1_dc4_nk36_tvdt0_tvB1_tvC1_useD0_gating4proposed_0
EthanolConcentration,MambaSingleLayer,1751,64,8,1,4,36,False,True,False,False,gating4proposed,0.311787072243346,22280,1.31,classification_CLS_EthanolConcentration_MambaSingleLayer_UEA_ftM_sl1751_ll0_pl0_dm64_ds8_expand1_dc4_nk36_tvdt0_tvB1_tvC0_useD0_gating4proposed_0
EthanolConcentration,MambaSingleLayer,1751,64,8,1,4,36,False,False,True,False,gating4proposed,0.30798479087452474,22280,1.31,classification_CLS_EthanolConcentration_MambaSingleLayer_UEA_ftM_sl1751_ll0_pl0_dm64_ds8_expand1_dc4_nk36_tvdt0_tvB0_tvC1_useD0_gating4proposed_0
EthanolConcentration,MambaSingleLayer,1751,64,8,1,4,36,False,False,False,False,gating4proposed,0.2889733840304182,22280,1.31,classification_CLS_EthanolConcentration_MambaSingleLayer_UEA_ftM_sl1751_ll0_pl0_dm64_ds8_expand1_dc4_nk36_tvdt0_tvB0_tvC0_useD0_gating4proposed_0
EthanolConcentration,MambaSingleLayer,1751,64,4,1,4,36,True,True,True,False,gating4proposed,0.3041825095057034,21768,1.31,classification_CLS_EthanolConcentration_MambaSingleLayer_UEA_ftM_sl1751_ll0_pl0_dm64_ds4_expand1_dc4_nk36_tvdt1_tvB1_tvC1_useD0_gating4proposed_0
EthanolConcentration,MambaSingleLayer,1751,64,4,1,4,36,True,True,False,False,gating4proposed,0.2737642585551331,21768,1.31,classification_CLS_EthanolConcentration_MambaSingleLayer_UEA_ftM_sl1751_ll0_pl0_dm64_ds4_expand1_dc4_nk36_tvdt1_tvB1_tvC0_useD0_gating4proposed_0
EthanolConcentration,MambaSingleLayer,1751,64,4,1,4,36,True,False,True,False,gating4proposed,0.2585551330798479,21768,1.31,classification_CLS_EthanolConcentration_MambaSingleLayer_UEA_ftM_sl1751_ll0_pl0_dm64_ds4_expand1_dc4_nk36_tvdt1_tvB0_tvC1_useD0_gating4proposed_0
EthanolConcentration,MambaSingleLayer,1751,64,4,1,4,36,True,False,False,False,gating4proposed,0.3155893536121673,21768,1.31,classification_CLS_EthanolConcentration_MambaSingleLayer_UEA_ftM_sl1751_ll0_pl0_dm64_ds4_expand1_dc4_nk36_tvdt1_tvB0_tvC0_useD0_gating4proposed_0
EthanolConcentration,MambaSingleLayer,1751,64,4,1,4,36,False,True,True,False,gating4proposed,0.3041825095057034,21512,1.31,classification_CLS_EthanolConcentration_MambaSingleLayer_UEA_ftM_sl1751_ll0_pl0_dm64_ds4_expand1_dc4_nk36_tvdt0_tvB1_tvC1_useD0_gating4proposed_0
EthanolConcentration,MambaSingleLayer,1751,64,4,1,4,36,False,True,False,False,gating4proposed,0.29277566539923955,21512,1.31,classification_CLS_EthanolConcentration_MambaSingleLayer_UEA_ftM_sl1751_ll0_pl0_dm64_ds4_expand1_dc4_nk36_tvdt0_tvB1_tvC0_useD0_gating4proposed_0
EthanolConcentration,MambaSingleLayer,1751,64,4,1,4,36,False,False,True,False,gating4proposed,0.30798479087452474,21512,1.31,classification_CLS_EthanolConcentration_MambaSingleLayer_UEA_ftM_sl1751_ll0_pl0_dm64_ds4_expand1_dc4_nk36_tvdt0_tvB0_tvC1_useD0_gating4proposed_0
EthanolConcentration,MambaSingleLayer,1751,64,4,1,4,36,False,False,False,False,gating4proposed,0.2965779467680608,21512,1.31,classification_CLS_EthanolConcentration_MambaSingleLayer_UEA_ftM_sl1751_ll0_pl0_dm64_ds4_expand1_dc4_nk36_tvdt0_tvB0_tvC0_useD0_gating4proposed_0
EthanolConcentration,MambaSingleLayer,1751,64,2,1,4,36,True,True,True,False,gating4proposed,0.30038022813688214,21384,1.31,classification_CLS_EthanolConcentration_MambaSingleLayer_UEA_ftM_sl1751_ll0_pl0_dm64_ds2_expand1_dc4_nk36_tvdt1_tvB1_tvC1_useD0_gating4proposed_0
EthanolConcentration,MambaSingleLayer,1751,64,2,1,4,36,True,True,False,False,gating4proposed,0.2889733840304182,21384,1.31,classification_CLS_EthanolConcentration_MambaSingleLayer_UEA_ftM_sl1751_ll0_pl0_dm64_ds2_expand1_dc4_nk36_tvdt1_tvB1_tvC0_useD0_gating4proposed_0
EthanolConcentration,MambaSingleLayer,1751,64,2,1,4,36,True,False,True,False,gating4proposed,0.27756653992395436,21384,1.31,classification_CLS_EthanolConcentration_MambaSingleLayer_UEA_ftM_sl1751_ll0_pl0_dm64_ds2_expand1_dc4_nk36_tvdt1_tvB0_tvC1_useD0_gating4proposed_0
EthanolConcentration,MambaSingleLayer,1751,64,2,1,4,36,True,False,False,False,gating4proposed,0.2623574144486692,21384,1.31,classification_CLS_EthanolConcentration_MambaSingleLayer_UEA_ftM_sl1751_ll0_pl0_dm64_ds2_expand1_dc4_nk36_tvdt1_tvB0_tvC0_useD0_gating4proposed_0
EthanolConcentration,MambaSingleLayer,1751,64,2,1,4,36,False,True,True,False,gating4proposed,0.2889733840304182,21128,1.31,classification_CLS_EthanolConcentration_MambaSingleLayer_UEA_ftM_sl1751_ll0_pl0_dm64_ds2_expand1_dc4_nk36_tvdt0_tvB1_tvC1_useD0_gating4proposed_0
EthanolConcentration,MambaSingleLayer,1751,64,2,1,4,36,False,True,False,False,gating4proposed,0.2889733840304182,21128,1.31,classification_CLS_EthanolConcentration_MambaSingleLayer_UEA_ftM_sl1751_ll0_pl0_dm64_ds2_expand1_dc4_nk36_tvdt0_tvB1_tvC0_useD0_gating4proposed_0
EthanolConcentration,MambaSingleLayer,1751,64,2,1,4,36,False,False,True,False,gating4proposed,0.27756653992395436,21128,1.31,classification_CLS_EthanolConcentration_MambaSingleLayer_UEA_ftM_sl1751_ll0_pl0_dm64_ds2_expand1_dc4_nk36_tvdt0_tvB0_tvC1_useD0_gating4proposed_0
EthanolConcentration,MambaSingleLayer,1751,64,2,1,4,36,False,False,False,False,gating4proposed,0.30798479087452474,21128,1.31,classification_CLS_EthanolConcentration_MambaSingleLayer_UEA_ftM_sl1751_ll0_pl0_dm64_ds2_expand1_dc4_nk36_tvdt0_tvB0_tvC0_useD0_gating4proposed_0
EthanolConcentration,MambaSingleLayer,1751,64,1,1,4,36,True,True,True,False,gating4proposed,0.2889733840304182,21192,1.31,classification_CLS_EthanolConcentration_MambaSingleLayer_UEA_ftM_sl1751_ll0_pl0_dm64_ds1_expand1_dc4_nk36_tvdt1_tvB1_tvC1_useD0_gating4proposed_0
EthanolConcentration,MambaSingleLayer,1751,64,1,1,4,36,True,True,False,False,gating4proposed,0.29277566539923955,21192,1.31,classification_CLS_EthanolConcentration_MambaSingleLayer_UEA_ftM_sl1751_ll0_pl0_dm64_ds1_expand1_dc4_nk36_tvdt1_tvB1_tvC0_useD0_gating4proposed_0
EthanolConcentration,MambaSingleLayer,1751,64,1,1,4,36,True,False,True,False,gating4proposed,0.2813688212927757,21192,1.31,classification_CLS_EthanolConcentration_MambaSingleLayer_UEA_ftM_sl1751_ll0_pl0_dm64_ds1_expand1_dc4_nk36_tvdt1_tvB0_tvC1_useD0_gating4proposed_0
EthanolConcentration,MambaSingleLayer,1751,64,1,1,4,36,True,False,False,False,gating4proposed,0.28517110266159695,21192,1.31,classification_CLS_EthanolConcentration_MambaSingleLayer_UEA_ftM_sl1751_ll0_pl0_dm64_ds1_expand1_dc4_nk36_tvdt1_tvB0_tvC0_useD0_gating4proposed_0
EthanolConcentration,MambaSingleLayer,1751,64,1,1,4,36,False,True,True,False,gating4proposed,0.30038022813688214,20936,1.31,classification_CLS_EthanolConcentration_MambaSingleLayer_UEA_ftM_sl1751_ll0_pl0_dm64_ds1_expand1_dc4_nk36_tvdt0_tvB1_tvC1_useD0_gating4proposed_0
EthanolConcentration,MambaSingleLayer,1751,64,1,1,4,36,False,True,False,False,gating4proposed,0.29277566539923955,20936,1.31,classification_CLS_EthanolConcentration_MambaSingleLayer_UEA_ftM_sl1751_ll0_pl0_dm64_ds1_expand1_dc4_nk36_tvdt0_tvB1_tvC0_useD0_gating4proposed_0
EthanolConcentration,MambaSingleLayer,1751,64,1,1,4,36,False,False,True,False,gating4proposed,0.2965779467680608,20936,1.31,classification_CLS_EthanolConcentration_MambaSingleLayer_UEA_ftM_sl1751_ll0_pl0_dm64_ds1_expand1_dc4_nk36_tvdt0_tvB0_tvC1_useD0_gating4proposed_0
EthanolConcentration,MambaSingleLayer,1751,64,1,1,4,36,False,False,False,False,gating4proposed,0.2889733840304182,20936,1.31,classification_CLS_EthanolConcentration_MambaSingleLayer_UEA_ftM_sl1751_ll0_pl0_dm64_ds1_expand1_dc4_nk36_tvdt0_tvB0_tvC0_useD0_gating4proposed_0
EthanolConcentration,MambaSingleLayer,1751,32,16,1,4,36,True,True,True,False,gating4proposed,0.29277566539923955,8840,0.65,classification_CLS_EthanolConcentration_MambaSingleLayer_UEA_ftM_sl1751_ll0_pl0_dm32_ds16_expand1_dc4_nk36_tvdt1_tvB1_tvC1_useD0_gating4proposed_0
EthanolConcentration,MambaSingleLayer,1751,32,16,1,4,36,True,True,False,False,gating4proposed,0.2965779467680608,8840,0.65,classification_CLS_EthanolConcentration_MambaSingleLayer_UEA_ftM_sl1751_ll0_pl0_dm32_ds16_expand1_dc4_nk36_tvdt1_tvB1_tvC0_useD0_gating4proposed_0
EthanolConcentration,MambaSingleLayer,1751,32,16,1,4,36,True,False,True,False,gating4proposed,0.2661596958174905,8840,0.65,classification_CLS_EthanolConcentration_MambaSingleLayer_UEA_ftM_sl1751_ll0_pl0_dm32_ds16_expand1_dc4_nk36_tvdt1_tvB0_tvC1_useD0_gating4proposed_0
EthanolConcentration,MambaSingleLayer,1751,32,16,1,4,36,True,False,False,False,gating4proposed,0.2813688212927757,8840,0.65,classification_CLS_EthanolConcentration_MambaSingleLayer_UEA_ftM_sl1751_ll0_pl0_dm32_ds16_expand1_dc4_nk36_tvdt1_tvB0_tvC0_useD0_gating4proposed_0
EthanolConcentration,MambaSingleLayer,1751,32,16,1,4,36,False,True,True,False,gating4proposed,0.30798479087452474,8776,0.65,classification_CLS_EthanolConcentration_MambaSingleLayer_UEA_ftM_sl1751_ll0_pl0_dm32_ds16_expand1_dc4_nk36_tvdt0_tvB1_tvC1_useD0_gating4proposed_0
EthanolConcentration,MambaSingleLayer,1751,32,16,1,4,36,False,True,False,False,gating4proposed,0.2889733840304182,8776,0.65,classification_CLS_EthanolConcentration_MambaSingleLayer_UEA_ftM_sl1751_ll0_pl0_dm32_ds16_expand1_dc4_nk36_tvdt0_tvB1_tvC0_useD0_gating4proposed_0
EthanolConcentration,MambaSingleLayer,1751,32,16,1,4,36,False,False,True,False,gating4proposed,0.2813688212927757,8776,0.65,classification_CLS_EthanolConcentration_MambaSingleLayer_UEA_ftM_sl1751_ll0_pl0_dm32_ds16_expand1_dc4_nk36_tvdt0_tvB0_tvC1_useD0_gating4proposed_0
EthanolConcentration,MambaSingleLayer,1751,32,16,1,4,36,False,False,False,False,gating4proposed,0.2661596958174905,8776,0.65,classification_CLS_EthanolConcentration_MambaSingleLayer_UEA_ftM_sl1751_ll0_pl0_dm32_ds16_expand1_dc4_nk36_tvdt0_tvB0_tvC0_useD0_gating4proposed_0
EthanolConcentration,MambaSingleLayer,1751,32,8,1,4,36,True,True,True,False,gating4proposed,0.30038022813688214,8072,0.65,classification_CLS_EthanolConcentration_MambaSingleLayer_UEA_ftM_sl1751_ll0_pl0_dm32_ds8_expand1_dc4_nk36_tvdt1_tvB1_tvC1_useD0_gating4proposed_0
EthanolConcentration,MambaSingleLayer,1751,32,8,1,4,36,True,True,False,False,gating4proposed,0.28517110266159695,8072,0.65,classification_CLS_EthanolConcentration_MambaSingleLayer_UEA_ftM_sl1751_ll0_pl0_dm32_ds8_expand1_dc4_nk36_tvdt1_tvB1_tvC0_useD0_gating4proposed_0
EthanolConcentration,MambaSingleLayer,1751,32,8,1,4,36,True,False,True,False,gating4proposed,0.2813688212927757,8072,0.65,classification_CLS_EthanolConcentration_MambaSingleLayer_UEA_ftM_sl1751_ll0_pl0_dm32_ds8_expand1_dc4_nk36_tvdt1_tvB0_tvC1_useD0_gating4proposed_0
EthanolConcentration,MambaSingleLayer,1751,32,8,1,4,36,True,False,False,False,gating4proposed,0.3041825095057034,8072,0.65,classification_CLS_EthanolConcentration_MambaSingleLayer_UEA_ftM_sl1751_ll0_pl0_dm32_ds8_expand1_dc4_nk36_tvdt1_tvB0_tvC0_useD0_gating4proposed_0
EthanolConcentration,MambaSingleLayer,1751,32,8,1,4,36,False,True,True,False,gating4proposed,0.2889733840304182,8008,0.65,classification_CLS_EthanolConcentration_MambaSingleLayer_UEA_ftM_sl1751_ll0_pl0_dm32_ds8_expand1_dc4_nk36_tvdt0_tvB1_tvC1_useD0_gating4proposed_0
EthanolConcentration,MambaSingleLayer,1751,32,8,1,4,36,False,True,False,False,gating4proposed,0.2661596958174905,8008,0.65,classification_CLS_EthanolConcentration_MambaSingleLayer_UEA_ftM_sl1751_ll0_pl0_dm32_ds8_expand1_dc4_nk36_tvdt0_tvB1_tvC0_useD0_gating4proposed_0
EthanolConcentration,MambaSingleLayer,1751,32,8,1,4,36,False,False,True,False,gating4proposed,0.2623574144486692,8008,0.65,classification_CLS_EthanolConcentration_MambaSingleLayer_UEA_ftM_sl1751_ll0_pl0_dm32_ds8_expand1_dc4_nk36_tvdt0_tvB0_tvC1_useD0_gating4proposed_0
EthanolConcentration,MambaSingleLayer,1751,32,8,1,4,36,False,False,False,False,gating4proposed,0.2585551330798479,8008,0.65,classification_CLS_EthanolConcentration_MambaSingleLayer_UEA_ftM_sl1751_ll0_pl0_dm32_ds8_expand1_dc4_nk36_tvdt0_tvB0_tvC0_useD0_gating4proposed_0
EthanolConcentration,MambaSingleLayer,1751,32,4,1,4,36,True,True,True,False,gating4proposed,0.2737642585551331,7688,0.65,classification_CLS_EthanolConcentration_MambaSingleLayer_UEA_ftM_sl1751_ll0_pl0_dm32_ds4_expand1_dc4_nk36_tvdt1_tvB1_tvC1_useD0_gating4proposed_0
EthanolConcentration,MambaSingleLayer,1751,32,4,1,4,36,True,True,False,False,gating4proposed,0.28517110266159695,7688,0.65,classification_CLS_EthanolConcentration_MambaSingleLayer_UEA_ftM_sl1751_ll0_pl0_dm32_ds4_expand1_dc4_nk36_tvdt1_tvB1_tvC0_useD0_gating4proposed_0
EthanolConcentration,MambaSingleLayer,1751,32,4,1,4,36,True,False,True,False,gating4proposed,0.2623574144486692,7688,0.65,classification_CLS_EthanolConcentration_MambaSingleLayer_UEA_ftM_sl1751_ll0_pl0_dm32_ds4_expand1_dc4_nk36_tvdt1_tvB0_tvC1_useD0_gating4proposed_0
EthanolConcentration,MambaSingleLayer,1751,32,4,1,4,36,True,False,False,False,gating4proposed,0.2965779467680608,7688,0.65,classification_CLS_EthanolConcentration_MambaSingleLayer_UEA_ftM_sl1751_ll0_pl0_dm32_ds4_expand1_dc4_nk36_tvdt1_tvB0_tvC0_useD0_gating4proposed_0
EthanolConcentration,MambaSingleLayer,1751,32,4,1,4,36,False,True,True,False,gating4proposed,0.26996197718631176,7624,0.65,classification_CLS_EthanolConcentration_MambaSingleLayer_UEA_ftM_sl1751_ll0_pl0_dm32_ds4_expand1_dc4_nk36_tvdt0_tvB1_tvC1_useD0_gating4proposed_0
EthanolConcentration,MambaSingleLayer,1751,32,4,1,4,36,False,True,False,False,gating4proposed,0.2813688212927757,7624,0.65,classification_CLS_EthanolConcentration_MambaSingleLayer_UEA_ftM_sl1751_ll0_pl0_dm32_ds4_expand1_dc4_nk36_tvdt0_tvB1_tvC0_useD0_gating4proposed_0
EthanolConcentration,MambaSingleLayer,1751,32,4,1,4,36,False,False,True,False,gating4proposed,0.27756653992395436,7624,0.65,classification_CLS_EthanolConcentration_MambaSingleLayer_UEA_ftM_sl1751_ll0_pl0_dm32_ds4_expand1_dc4_nk36_tvdt0_tvB0_tvC1_useD0_gating4proposed_0
EthanolConcentration,MambaSingleLayer,1751,32,4,1,4,36,False,False,False,False,gating4proposed,0.25475285171102663,7624,0.65,classification_CLS_EthanolConcentration_MambaSingleLayer_UEA_ftM_sl1751_ll0_pl0_dm32_ds4_expand1_dc4_nk36_tvdt0_tvB0_tvC0_useD0_gating4proposed_0
EthanolConcentration,MambaSingleLayer,1751,32,2,1,4,36,True,True,True,False,gating4proposed,0.2889733840304182,7496,0.64,classification_CLS_EthanolConcentration_MambaSingleLayer_UEA_ftM_sl1751_ll0_pl0_dm32_ds2_expand1_dc4_nk36_tvdt1_tvB1_tvC1_useD0_gating4proposed_0
EthanolConcentration,MambaSingleLayer,1751,32,2,1,4,36,True,True,False,False,gating4proposed,0.3155893536121673,7496,0.64,classification_CLS_EthanolConcentration_MambaSingleLayer_UEA_ftM_sl1751_ll0_pl0_dm32_ds2_expand1_dc4_nk36_tvdt1_tvB1_tvC0_useD0_gating4proposed_0
EthanolConcentration,MambaSingleLayer,1751,32,2,1,4,36,True,False,True,False,gating4proposed,0.30798479087452474,7496,0.64,classification_CLS_EthanolConcentration_MambaSingleLayer_UEA_ftM_sl1751_ll0_pl0_dm32_ds2_expand1_dc4_nk36_tvdt1_tvB0_tvC1_useD0_gating4proposed_0
EthanolConcentration,MambaSingleLayer,1751,32,2,1,4,36,True,False,False,False,gating4proposed,0.2889733840304182,7496,0.65,classification_CLS_EthanolConcentration_MambaSingleLayer_UEA_ftM_sl1751_ll0_pl0_dm32_ds2_expand1_dc4_nk36_tvdt1_tvB0_tvC0_useD0_gating4proposed_0
EthanolConcentration,MambaSingleLayer,1751,32,2,1,4,36,False,True,True,False,gating4proposed,0.28517110266159695,7432,0.64,classification_CLS_EthanolConcentration_MambaSingleLayer_UEA_ftM_sl1751_ll0_pl0_dm32_ds2_expand1_dc4_nk36_tvdt0_tvB1_tvC1_useD0_gating4proposed_0
EthanolConcentration,MambaSingleLayer,1751,32,2,1,4,36,False,True,False,False,gating4proposed,0.28517110266159695,7432,0.64,classification_CLS_EthanolConcentration_MambaSingleLayer_UEA_ftM_sl1751_ll0_pl0_dm32_ds2_expand1_dc4_nk36_tvdt0_tvB1_tvC0_useD0_gating4proposed_0
EthanolConcentration,MambaSingleLayer,1751,32,2,1,4,36,False,False,True,False,gating4proposed,0.2585551330798479,7432,0.64,classification_CLS_EthanolConcentration_MambaSingleLayer_UEA_ftM_sl1751_ll0_pl0_dm32_ds2_expand1_dc4_nk36_tvdt0_tvB0_tvC1_useD0_gating4proposed_0
EthanolConcentration,MambaSingleLayer,1751,32,2,1,4,36,False,False,False,False,gating4proposed,0.2813688212927757,7432,0.64,classification_CLS_EthanolConcentration_MambaSingleLayer_UEA_ftM_sl1751_ll0_pl0_dm32_ds2_expand1_dc4_nk36_tvdt0_tvB0_tvC0_useD0_gating4proposed_0
EthanolConcentration,MambaSingleLayer,1751,32,1,1,4,36,True,True,True,False,gating4proposed,0.2661596958174905,7400,0.64,classification_CLS_EthanolConcentration_MambaSingleLayer_UEA_ftM_sl1751_ll0_pl0_dm32_ds1_expand1_dc4_nk36_tvdt1_tvB1_tvC1_useD0_gating4proposed_0
EthanolConcentration,MambaSingleLayer,1751,32,1,1,4,36,True,True,False,False,gating4proposed,0.25475285171102663,7400,0.64,classification_CLS_EthanolConcentration_MambaSingleLayer_UEA_ftM_sl1751_ll0_pl0_dm32_ds1_expand1_dc4_nk36_tvdt1_tvB1_tvC0_useD0_gating4proposed_0
EthanolConcentration,MambaSingleLayer,1751,32,1,1,4,36,True,False,True,False,gating4proposed,0.25475285171102663,7400,0.64,classification_CLS_EthanolConcentration_MambaSingleLayer_UEA_ftM_sl1751_ll0_pl0_dm32_ds1_expand1_dc4_nk36_tvdt1_tvB0_tvC1_useD0_gating4proposed_0
EthanolConcentration,MambaSingleLayer,1751,32,1,1,4,36,True,False,False,False,gating4proposed,0.28517110266159695,7400,0.64,classification_CLS_EthanolConcentration_MambaSingleLayer_UEA_ftM_sl1751_ll0_pl0_dm32_ds1_expand1_dc4_nk36_tvdt1_tvB0_tvC0_useD0_gating4proposed_0
EthanolConcentration,MambaSingleLayer,1751,32,1,1,4,36,False,True,True,False,gating4proposed,0.27756653992395436,7336,0.64,classification_CLS_EthanolConcentration_MambaSingleLayer_UEA_ftM_sl1751_ll0_pl0_dm32_ds1_expand1_dc4_nk36_tvdt0_tvB1_tvC1_useD0_gating4proposed_0
EthanolConcentration,MambaSingleLayer,1751,32,1,1,4,36,False,True,False,False,gating4proposed,0.2661596958174905,7336,0.64,classification_CLS_EthanolConcentration_MambaSingleLayer_UEA_ftM_sl1751_ll0_pl0_dm32_ds1_expand1_dc4_nk36_tvdt0_tvB1_tvC0_useD0_gating4proposed_0
EthanolConcentration,MambaSingleLayer,1751,32,1,1,4,36,False,False,True,False,gating4proposed,0.26996197718631176,7336,0.64,classification_CLS_EthanolConcentration_MambaSingleLayer_UEA_ftM_sl1751_ll0_pl0_dm32_ds1_expand1_dc4_nk36_tvdt0_tvB0_tvC1_useD0_gating4proposed_0
EthanolConcentration,MambaSingleLayer,1751,32,1,1,4,36,False,False,False,False,gating4proposed,0.2737642585551331,7336,0.64,classification_CLS_EthanolConcentration_MambaSingleLayer_UEA_ftM_sl1751_ll0_pl0_dm32_ds1_expand1_dc4_nk36_tvdt0_tvB0_tvC0_useD0_gating4proposed_0
